{
    "t": {
        "0": 2,
        "1": 4,
        "2": 6,
        "3": 8,
        "4": 10,
        "5": 12,
        "6": 14,
        "7": 16,
        "8": 18,
        "9": 20,
        "10": 22,
        "11": 24,
        "12": 26,
        "13": 28,
        "14": 30,
        "15": 32,
        "16": 34,
        "17": 36,
        "18": 38,
        "19": 40,
        "20": 42,
        "21": 44,
        "22": 46,
        "23": 48,
        "24": 50,
        "25": 52,
        "26": 54,
        "27": 56,
        "28": 58,
        "29": 60,
        "30": 62,
        "31": 64,
        "32": 66,
        "33": 68,
        "34": 70,
        "35": 72,
        "36": 74,
        "37": 76,
        "38": 78,
        "39": 80
    },
    "Shell 5": {
        "0": 1673.123986,
        "1": 1891.398964,
        "2": 1896.711921,
        "3": 1657.746853,
        "4": 1672.276992,
        "5": 2370.853088,
        "6": 2217.163091,
        "7": 2046.897214,
        "8": 1983.411018,
        "9": 2090.483731,
        "10": 1682.896326,
        "11": 1712.755126,
        "12": 1755.340824,
        "13": 1728.410507,
        "14": 1838.394459,
        "15": 1744.234574,
        "16": 1589.251002,
        "17": 1731.89055,
        "18": 1648.993267,
        "19": 1497.284997,
        "20": 1462.360032,
        "21": 1606.836338,
        "22": 1557.193016,
        "23": 1563.25451,
        "24": 1784.778205,
        "25": 1616.1013,
        "26": 1537.442882,
        "27": 1566.046214,
        "28": 1437.66977,
        "29": 1722.845958,
        "30": 1506.536249,
        "31": 1778.202771,
        "32": 1703.983121,
        "33": 1554.701663,
        "34": 1541.379698,
        "35": 1682.462748,
        "36": 1528.03271,
        "37": 1644.259063,
        "38": 1445.486467,
        "39": 1394.739075
    },
    "Shell 4": {
        "0": 4149.48192,
        "1": 4233.96935,
        "2": 3971.010235,
        "3": 3626.976052,
        "4": 3590.508181,
        "5": 3977.722422,
        "6": 3561.037312,
        "7": 4043.211918,
        "8": 3717.495244,
        "9": 3713.940373,
        "10": 3535.056061,
        "11": 3179.89367,
        "12": 3323.229141,
        "13": 3245.901236,
        "14": 3414.136396,
        "15": 3335.737289,
        "16": 3379.747802,
        "17": 3464.044483,
        "18": 3175.053306,
        "19": 3121.237538,
        "20": 3263.059929,
        "21": 2943.339973,
        "22": 3221.801863,
        "23": 3164.014155,
        "24": 3152.170826,
        "25": 3237.600941,
        "26": 3057.555668,
        "27": 3200.107745,
        "28": 3078.1698,
        "29": 3128.153863,
        "30": 3027.923009,
        "31": 3036.517554,
        "32": 3198.145911,
        "33": 3104.480399,
        "34": 3188.502434,
        "35": 3044.061011,
        "36": 3123.258184,
        "37": 3129.945268,
        "38": 3156.146624,
        "39": 3319.184119
    },
    "Shell 3": {
        "0": 4997.932311,
        "1": 4553.92606,
        "2": 4611.45695,
        "3": 4450.531408,
        "4": 4173.985324,
        "5": 4330.232755,
        "6": 4058.889799,
        "7": 4167.283327,
        "8": 3705.062389,
        "9": 3458.304295,
        "10": 3588.895287,
        "11": 3633.259309,
        "12": 3431.685656,
        "13": 3584.401291,
        "14": 3398.593317,
        "15": 3300.014787,
        "16": 3208.473148,
        "17": 3157.907559,
        "18": 3264.868169,
        "19": 3335.065052,
        "20": 3144.475373,
        "21": 3249.773557,
        "22": 3206.174122,
        "23": 3132.665925,
        "24": 3206.560523,
        "25": 3181.111952,
        "26": 3006.266922,
        "27": 3093.955906,
        "28": 3291.618148,
        "29": 3244.244086,
        "30": 3278.650135,
        "31": 3241.61238,
        "32": 3140.067203,
        "33": 3369.428502,
        "34": 3122.54968,
        "35": 2994.560455,
        "36": 3284.657652,
        "37": 3102.037658,
        "38": 3256.209304,
        "39": 3012.146712
    },
    "Shell 2": {
        "0": 3861.174776,
        "1": 3805.365173,
        "2": 3327.224563,
        "3": 3733.615761,
        "4": 3562.884816,
        "5": 3160.592875,
        "6": 3294.428345,
        "7": 3310.660107,
        "8": 3250.369485,
        "9": 3423.101675,
        "10": 3178.556415,
        "11": 3169.950177,
        "12": 2966.773036,
        "13": 2878.623776,
        "14": 2710.842057,
        "15": 2629.372018,
        "16": 2626.218319,
        "17": 2710.123688,
        "18": 2624.974705,
        "19": 2727.082694,
        "20": 2524.327402,
        "21": 2688.863826,
        "22": 2627.873245,
        "23": 2706.498925,
        "24": 2650.116852,
        "25": 2723.781539,
        "26": 2486.308504,
        "27": 2451.046055,
        "28": 2752.964268,
        "29": 2305.720269,
        "30": 2444.163034,
        "31": 2454.428657,
        "32": 2451.668916,
        "33": 2391.520986,
        "34": 2422.000897,
        "35": 2223.818193,
        "36": 2366.992371,
        "37": 2262.767517,
        "38": 2464.261615,
        "39": 2306.377701
    },
    "Shell 1": {
        "0": 1499.215789,
        "1": 1708.678328,
        "2": 1807.752498,
        "3": 1646.883916,
        "4": 1728.647512,
        "5": 1674.357549,
        "6": 1780.080885,
        "7": 1851.370357,
        "8": 1996.722283,
        "9": 2090.369673,
        "10": 2009.419522,
        "11": 2005.12772,
        "12": 2099.502837,
        "13": 2029.632769,
        "14": 1931.968954,
        "15": 1691.103184,
        "16": 1530.719558,
        "17": 1408.419475,
        "18": 1417.106515,
        "19": 1280.752677,
        "20": 1292.089541,
        "21": 1222.386977,
        "22": 1162.079139,
        "23": 1269.526154,
        "24": 1290.28515,
        "25": 1059.137311,
        "26": 1091.553253,
        "27": 1219.555606,
        "28": 1033.057587,
        "29": 1206.590088,
        "30": 1114.994664,
        "31": 1151.359999,
        "32": 1084.814178,
        "33": 991.539122,
        "34": 1122.297212,
        "35": 1283.584619,
        "36": 1213.17,
        "37": 1379.308041,
        "38": 1367.913804,
        "39": 1343.836196
    }
}